change_id,change_timestamp,change_type,affected_component,owning_team,environment,change_description
CHG-1000,2026-03-21 02:34:28.160485,DB Change,CoreBankingApp,Application Team,Production,Planned system update
CHG-1001,2026-03-20 09:33:28.160485,Config Update,CoreBankingApp,Database Team,Production,Planned system update
CHG-1002,2026-03-17 17:16:28.160485,Deployment,CoreBankingApp,Database Team,Production,Planned system update
CHG-1003,2026-03-18 13:29:28.160485,DB Change,CoreBankingApp,Application Team,Production,Planned system update
CHG-1004,2026-03-17 02:44:28.160485,Deployment,CoreBankingApp,Infrastructure Team,Production,Planned system update
CHG-1005,2026-03-19 22:37:28.160485,Config Update,CoreBankingApp,Database Team,Production,Planned system update
CHG-1006,2026-03-15 01:42:28.160485,Deployment,CoreBankingApp,Infrastructure Team,Production,Planned system update
CHG-1007,2026-03-16 12:16:28.160485,DB Change,CoreBankingApp,Infrastructure Team,Production,Planned system update
CHG-1008,2026-03-21 00:20:28.160485,Deployment,CoreBankingApp,Infrastructure Team,Production,Planned system update
CHG-1009,2026-03-19 03:03:28.160485,Config Update,CoreBankingApp,Application Team,Production,Planned system update
CHG-1010,2026-03-16 17:03:28.160485,Infra Scaling,CoreBankingApp,Infrastructure Team,Production,Planned system update
CHG-1011,2026-03-16 00:02:28.160485,Deployment,CoreBankingApp,Database Team,Production,Planned system update
CHG-1012,2026-03-16 03:23:28.160485,Infra Scaling,CoreBankingApp,Application Team,Production,Planned system update
CHG-1013,2026-03-15 18:50:28.160485,DB Change,CoreBankingApp,Database Team,Production,Planned system update
CHG-1014,2026-03-18 02:30:28.160485,Infra Scaling,CoreBankingApp,Database Team,Production,Planned system update
CHG-1015,2026-03-20 14:05:28.160485,Infra Scaling,CoreBankingApp,Infrastructure Team,Production,Planned system update
CHG-1016,2026-03-17 21:14:28.160485,DB Change,CoreBankingApp,Application Team,Production,Planned system update
CHG-1017,2026-03-18 02:30:28.160485,Infra Scaling,CoreBankingApp,Database Team,Production,Planned system update
CHG-1018,2026-03-19 13:10:28.160485,Infra Scaling,CoreBankingApp,Infrastructure Team,Production,Planned system update
CHG-1019,2026-03-17 14:10:28.160485,DB Change,CoreBankingApp,Infrastructure Team,Production,Planned system update
CHG-1020,2026-03-19 17:17:28.160485,Deployment,CoreBankingApp,Database Team,Production,Planned system update
CHG-1021,2026-03-16 02:48:28.160485,Deployment,CoreBankingApp,Database Team,Production,Planned system update
CHG-1022,2026-03-21 00:48:28.160485,DB Change,CoreBankingApp,Infrastructure Team,Production,Planned system update
CHG-1023,2026-03-18 18:05:28.160485,DB Change,CoreBankingApp,Infrastructure Team,Production,Planned system update
CHG-1024,2026-03-19 04:37:28.160485,Infra Scaling,CoreBankingApp,Database Team,Production,Planned system update
CHG-1025,2026-03-16 22:14:28.160485,DB Change,CoreBankingApp,Infrastructure Team,Production,Planned system update
CHG-1026,2026-03-16 08:22:28.160485,Infra Scaling,CoreBankingApp,Database Team,Production,Planned system update
CHG-1027,2026-03-21 11:34:28.160485,Deployment,CoreBankingApp,Application Team,Production,Planned system update
CHG-1028,2026-03-21 05:48:28.160485,Infra Scaling,CoreBankingApp,Database Team,Production,Planned system update
CHG-1029,2026-03-19 09:00:28.160485,Config Update,CoreBankingApp,Application Team,Production,Planned system update
CHG-1030,2026-03-17 12:17:28.160485,Config Update,CoreBankingApp,Application Team,Production,Planned system update
CHG-1031,2026-03-20 07:08:28.160485,Infra Scaling,CoreBankingApp,Application Team,Production,Planned system update
CHG-1032,2026-03-16 14:41:28.160485,Infra Scaling,CoreBankingApp,Infrastructure Team,Production,Planned system update
CHG-1033,2026-03-16 03:31:28.160485,Config Update,CoreBankingApp,Application Team,Production,Planned system update
CHG-1034,2026-03-15 23:59:28.160485,Deployment,CoreBankingApp,Database Team,Production,Planned system update
CHG-1035,2026-03-20 16:24:28.160485,Infra Scaling,CoreBankingApp,Application Team,Production,Planned system update
CHG-1036,2026-03-20 00:20:28.160485,Deployment,CoreBankingApp,Infrastructure Team,Production,Planned system update
CHG-1037,2026-03-21 02:06:28.160485,DB Change,CoreBankingApp,Database Team,Production,Planned system update
CHG-1038,2026-03-19 11:32:28.160485,Config Update,CoreBankingApp,Database Team,Production,Planned system update
CHG-1039,2026-03-20 18:07:28.160485,Deployment,CoreBankingApp,Infrastructure Team,Production,Planned system update
CHG-1040,2026-03-16 03:48:28.160485,DB Change,CoreBankingApp,Application Team,Production,Planned system update
CHG-1041,2026-03-20 09:17:28.160485,Deployment,CoreBankingApp,Database Team,Production,Planned system update
CHG-1042,2026-03-15 21:28:28.160485,Deployment,CoreBankingApp,Application Team,Production,Planned system update
CHG-1043,2026-03-21 09:27:28.160485,DB Change,CoreBankingApp,Database Team,Production,Planned system update
CHG-1044,2026-03-17 21:53:28.160485,Deployment,CoreBankingApp,Infrastructure Team,Production,Planned system update
CHG-1045,2026-03-18 08:44:28.160485,DB Change,CoreBankingApp,Application Team,Production,Planned system update
CHG-1046,2026-03-15 00:39:28.160485,Config Update,CoreBankingApp,Application Team,Production,Planned system update
CHG-1047,2026-03-16 12:53:28.160485,Infra Scaling,CoreBankingApp,Database Team,Production,Planned system update
CHG-1048,2026-03-17 04:34:28.160485,DB Change,CoreBankingApp,Database Team,Production,Planned system update
CHG-1049,2026-03-16 12:17:28.160485,Infra Scaling,CoreBankingApp,Application Team,Production,Planned system update
CHG-1050,2026-03-15 13:59:28.160485,Config Update,CoreBankingApp,Database Team,Production,Planned system update
CHG-1051,2026-03-17 04:46:28.160485,Deployment,CoreBankingApp,Infrastructure Team,Production,Planned system update
CHG-1052,2026-03-19 15:19:28.160485,DB Change,CoreBankingApp,Database Team,Production,Planned system update
CHG-1053,2026-03-16 08:30:28.160485,Config Update,CoreBankingApp,Application Team,Production,Planned system update
CHG-1054,2026-03-16 08:44:28.160485,Deployment,CoreBankingApp,Database Team,Production,Planned system update
CHG-1055,2026-03-18 15:25:28.160485,DB Change,CoreBankingApp,Database Team,Production,Planned system update
CHG-1056,2026-03-21 15:47:28.160485,Config Update,CoreBankingApp,Application Team,Production,Planned system update
CHG-1057,2026-03-21 15:53:28.160485,Infra Scaling,CoreBankingApp,Application Team,Production,Planned system update
CHG-1058,2026-03-15 05:35:28.160485,Config Update,CoreBankingApp,Application Team,Production,Planned system update
CHG-1059,2026-03-19 09:56:28.160485,DB Change,CoreBankingApp,Application Team,Production,Planned system update
CHG-1060,2026-03-16 01:43:28.160485,DB Change,CoreBankingApp,Database Team,Production,Planned system update
CHG-1061,2026-03-17 06:05:28.160485,Config Update,CoreBankingApp,Application Team,Production,Planned system update
CHG-1062,2026-03-20 12:10:28.160485,DB Change,CoreBankingApp,Infrastructure Team,Production,Planned system update
CHG-1063,2026-03-17 05:54:28.160485,Config Update,CoreBankingApp,Application Team,Production,Planned system update
CHG-1064,2026-03-15 20:27:28.160485,DB Change,CoreBankingApp,Application Team,Production,Planned system update
CHG-1065,2026-03-20 22:53:28.160485,DB Change,CoreBankingApp,Infrastructure Team,Production,Planned system update
CHG-1066,2026-03-16 22:41:28.160485,Config Update,CoreBankingApp,Application Team,Production,Planned system update
CHG-1067,2026-03-20 01:30:28.160485,Config Update,CoreBankingApp,Infrastructure Team,Production,Planned system update
CHG-1068,2026-03-16 14:10:28.160485,Config Update,CoreBankingApp,Database Team,Production,Planned system update
CHG-1069,2026-03-18 11:37:28.160485,Deployment,CoreBankingApp,Database Team,Production,Planned system update
CHG-1070,2026-03-17 08:17:28.160485,Infra Scaling,CoreBankingApp,Application Team,Production,Planned system update
CHG-1071,2026-03-20 03:02:28.160485,DB Change,CoreBankingApp,Infrastructure Team,Production,Planned system update
CHG-1072,2026-03-16 07:26:28.160485,Config Update,CoreBankingApp,Infrastructure Team,Production,Planned system update
CHG-1073,2026-03-19 13:30:28.160485,Deployment,CoreBankingApp,Database Team,Production,Planned system update
CHG-1074,2026-03-18 21:06:28.160485,DB Change,CoreBankingApp,Database Team,Production,Planned system update
CHG-1075,2026-03-18 04:24:28.160485,Deployment,CoreBankingApp,Database Team,Production,Planned system update
CHG-1076,2026-03-21 13:33:28.160485,Deployment,CoreBankingApp,Application Team,Production,Planned system update
CHG-1077,2026-03-20 17:41:28.160485,Deployment,CoreBankingApp,Database Team,Production,Planned system update
CHG-1078,2026-03-16 11:13:28.160485,Config Update,CoreBankingApp,Database Team,Production,Planned system update
CHG-1079,2026-03-16 02:11:28.160485,Deployment,CoreBankingApp,Infrastructure Team,Production,Planned system update
CHG-1080,2026-03-18 08:06:28.160485,Config Update,CoreBankingApp,Application Team,Production,Planned system update
CHG-1081,2026-03-19 11:38:28.160485,Deployment,CoreBankingApp,Infrastructure Team,Production,Planned system update
CHG-1082,2026-03-20 17:29:28.160485,DB Change,CoreBankingApp,Database Team,Production,Planned system update
CHG-1083,2026-03-21 12:40:28.160485,Infra Scaling,CoreBankingApp,Database Team,Production,Planned system update
CHG-1084,2026-03-15 08:09:28.160485,Deployment,CoreBankingApp,Database Team,Production,Planned system update
CHG-1085,2026-03-20 07:51:28.160485,Infra Scaling,CoreBankingApp,Application Team,Production,Planned system update
CHG-1086,2026-03-18 16:10:28.160485,Deployment,CoreBankingApp,Infrastructure Team,Production,Planned system update
CHG-1087,2026-03-16 09:56:28.160485,Deployment,CoreBankingApp,Application Team,Production,Planned system update
CHG-1088,2026-03-21 13:51:28.160485,Config Update,CoreBankingApp,Infrastructure Team,Production,Planned system update
CHG-1089,2026-03-21 20:50:28.160485,Infra Scaling,CoreBankingApp,Database Team,Production,Planned system update
CHG-1090,2026-03-20 00:34:28.160485,DB Change,CoreBankingApp,Database Team,Production,Planned system update
CHG-1091,2026-03-21 15:16:28.160485,Config Update,CoreBankingApp,Infrastructure Team,Production,Planned system update
CHG-1092,2026-03-20 15:56:28.160485,Config Update,CoreBankingApp,Application Team,Production,Planned system update
CHG-1093,2026-03-20 01:36:28.160485,Deployment,CoreBankingApp,Database Team,Production,Planned system update
CHG-1094,2026-03-15 19:01:28.160485,Deployment,CoreBankingApp,Infrastructure Team,Production,Planned system update
CHG-1095,2026-03-16 14:43:28.160485,Infra Scaling,CoreBankingApp,Database Team,Production,Planned system update
CHG-1096,2026-03-19 05:30:28.160485,Config Update,CoreBankingApp,Infrastructure Team,Production,Planned system update
CHG-1097,2026-03-19 16:21:28.160485,DB Change,CoreBankingApp,Database Team,Production,Planned system update
CHG-1098,2026-03-20 11:35:28.160485,DB Change,CoreBankingApp,Infrastructure Team,Production,Planned system update
CHG-1099,2026-03-20 05:52:28.160485,Infra Scaling,CoreBankingApp,Infrastructure Team,Production,Planned system update
CHG-1100,2026-03-18 20:17:28.160485,DB Change,CoreBankingApp,Database Team,Production,Planned system update
CHG-1101,2026-03-21 06:35:28.160485,Config Update,CoreBankingApp,Application Team,Production,Planned system update
CHG-1102,2026-03-17 07:46:28.160485,DB Change,CoreBankingApp,Infrastructure Team,Production,Planned system update
CHG-1103,2026-03-16 04:52:28.160485,Infra Scaling,CoreBankingApp,Infrastructure Team,Production,Planned system update
CHG-1104,2026-03-21 17:42:28.160485,Infra Scaling,CoreBankingApp,Database Team,Production,Planned system update
CHG-1105,2026-03-15 09:35:28.160485,Infra Scaling,CoreBankingApp,Infrastructure Team,Production,Planned system update
CHG-1106,2026-03-15 10:55:28.160485,DB Change,CoreBankingApp,Infrastructure Team,Production,Planned system update
CHG-1107,2026-03-19 17:13:28.160485,DB Change,CoreBankingApp,Database Team,Production,Planned system update
CHG-1108,2026-03-19 20:54:28.160485,Deployment,CoreBankingApp,Application Team,Production,Planned system update
CHG-1109,2026-03-19 01:15:28.160485,Config Update,CoreBankingApp,Database Team,Production,Planned system update
CHG-1110,2026-03-21 06:14:28.160485,Infra Scaling,CoreBankingApp,Infrastructure Team,Production,Planned system update
CHG-1111,2026-03-15 13:37:28.160485,DB Change,CoreBankingApp,Infrastructure Team,Production,Planned system update
CHG-1112,2026-03-18 13:08:28.160485,DB Change,CoreBankingApp,Database Team,Production,Planned system update
CHG-1113,2026-03-15 15:46:28.160485,Infra Scaling,CoreBankingApp,Application Team,Production,Planned system update
CHG-1114,2026-03-15 15:11:28.160485,DB Change,CoreBankingApp,Application Team,Production,Planned system update
CHG-1115,2026-03-20 18:38:28.160485,Deployment,CoreBankingApp,Infrastructure Team,Production,Planned system update
CHG-1116,2026-03-16 14:14:28.160485,Config Update,CoreBankingApp,Application Team,Production,Planned system update
CHG-1117,2026-03-19 18:04:28.160485,DB Change,CoreBankingApp,Application Team,Production,Planned system update
CHG-1118,2026-03-21 19:51:28.160485,DB Change,CoreBankingApp,Database Team,Production,Planned system update
CHG-1119,2026-03-21 20:01:28.160485,Infra Scaling,CoreBankingApp,Infrastructure Team,Production,Planned system update
CHG-1120,2026-03-15 08:18:28.160485,Deployment,CoreBankingApp,Application Team,Production,Planned system update
CHG-1121,2026-03-21 05:35:28.160485,Deployment,CoreBankingApp,Application Team,Production,Planned system update
CHG-1122,2026-03-16 16:07:28.160485,DB Change,CoreBankingApp,Database Team,Production,Planned system update
CHG-1123,2026-03-20 04:49:28.160485,Deployment,CoreBankingApp,Application Team,Production,Planned system update
CHG-1124,2026-03-15 07:55:28.160485,Infra Scaling,CoreBankingApp,Database Team,Production,Planned system update
CHG-1125,2026-03-19 06:53:28.160485,DB Change,CoreBankingApp,Infrastructure Team,Production,Planned system update
CHG-1126,2026-03-15 15:44:28.160485,Deployment,CoreBankingApp,Application Team,Production,Planned system update
CHG-1127,2026-03-16 16:35:28.160485,DB Change,CoreBankingApp,Infrastructure Team,Production,Planned system update
CHG-1128,2026-03-18 01:11:28.160485,Deployment,CoreBankingApp,Infrastructure Team,Production,Planned system update
CHG-1129,2026-03-19 11:37:28.160485,Infra Scaling,CoreBankingApp,Infrastructure Team,Production,Planned system update
CHG-1130,2026-03-19 03:13:28.160485,Deployment,CoreBankingApp,Database Team,Production,Planned system update
CHG-1131,2026-03-17 16:44:28.160485,Infra Scaling,CoreBankingApp,Database Team,Production,Planned system update
CHG-1132,2026-03-19 14:53:28.160485,Config Update,CoreBankingApp,Infrastructure Team,Production,Planned system update
CHG-1133,2026-03-21 11:36:28.160485,Deployment,CoreBankingApp,Application Team,Production,Planned system update
CHG-1134,2026-03-18 20:19:28.160485,Config Update,CoreBankingApp,Application Team,Production,Planned system update
CHG-1135,2026-03-18 13:33:28.160485,Config Update,CoreBankingApp,Database Team,Production,Planned system update
CHG-1136,2026-03-17 19:00:28.160485,Config Update,CoreBankingApp,Application Team,Production,Planned system update
CHG-1137,2026-03-19 16:57:28.160485,Infra Scaling,CoreBankingApp,Database Team,Production,Planned system update
CHG-1138,2026-03-19 12:39:28.160485,Deployment,CoreBankingApp,Application Team,Production,Planned system update
CHG-1139,2026-03-16 16:38:28.160485,Infra Scaling,CoreBankingApp,Database Team,Production,Planned system update
CHG-1140,2026-03-16 00:48:28.160485,Config Update,CoreBankingApp,Application Team,Production,Planned system update
CHG-1141,2026-03-18 06:29:28.160485,Deployment,CoreBankingApp,Infrastructure Team,Production,Planned system update
CHG-1142,2026-03-21 03:39:28.160485,Deployment,CoreBankingApp,Database Team,Production,Planned system update
CHG-1143,2026-03-16 05:44:28.160485,Deployment,CoreBankingApp,Infrastructure Team,Production,Planned system update
CHG-1144,2026-03-21 16:10:28.160485,Config Update,CoreBankingApp,Application Team,Production,Planned system update
CHG-1145,2026-03-20 07:49:28.160485,Infra Scaling,CoreBankingApp,Application Team,Production,Planned system update
CHG-1146,2026-03-20 02:15:28.160485,Deployment,CoreBankingApp,Application Team,Production,Planned system update
CHG-1147,2026-03-20 00:29:28.160485,Infra Scaling,CoreBankingApp,Infrastructure Team,Production,Planned system update
CHG-1148,2026-03-17 15:13:28.160485,DB Change,CoreBankingApp,Application Team,Production,Planned system update
CHG-1149,2026-03-20 23:35:28.160485,DB Change,CoreBankingApp,Infrastructure Team,Production,Planned system update
CHG-1150,2026-03-18 01:38:28.160485,Deployment,CoreBankingApp,Application Team,Production,Planned system update
CHG-1151,2026-03-20 05:50:28.160485,Config Update,CoreBankingApp,Infrastructure Team,Production,Planned system update
CHG-1152,2026-03-15 06:01:28.160485,Infra Scaling,CoreBankingApp,Infrastructure Team,Production,Planned system update
CHG-1153,2026-03-17 11:22:28.160485,Infra Scaling,CoreBankingApp,Infrastructure Team,Production,Planned system update
CHG-1154,2026-03-19 10:19:28.160485,Infra Scaling,CoreBankingApp,Application Team,Production,Planned system update
CHG-1155,2026-03-17 11:37:28.160485,Config Update,CoreBankingApp,Infrastructure Team,Production,Planned system update
CHG-1156,2026-03-19 23:25:28.160485,Infra Scaling,CoreBankingApp,Application Team,Production,Planned system update
CHG-1157,2026-03-15 18:52:28.160485,DB Change,CoreBankingApp,Database Team,Production,Planned system update
CHG-1158,2026-03-16 21:30:28.160485,Infra Scaling,CoreBankingApp,Database Team,Production,Planned system update
CHG-1159,2026-03-16 20:13:28.160485,DB Change,CoreBankingApp,Database Team,Production,Planned system update
CHG-1160,2026-03-18 09:10:28.160485,Deployment,CoreBankingApp,Infrastructure Team,Production,Planned system update
CHG-1161,2026-03-19 09:00:28.160485,Infra Scaling,CoreBankingApp,Infrastructure Team,Production,Planned system update
CHG-1162,2026-03-19 03:32:28.160485,Infra Scaling,CoreBankingApp,Infrastructure Team,Production,Planned system update
CHG-1163,2026-03-19 03:39:28.160485,Config Update,CoreBankingApp,Database Team,Production,Planned system update
CHG-1164,2026-03-19 06:47:28.160485,Deployment,CoreBankingApp,Database Team,Production,Planned system update
CHG-1165,2026-03-21 06:20:28.160485,Deployment,CoreBankingApp,Database Team,Production,Planned system update
CHG-1166,2026-03-18 05:30:28.160485,Deployment,CoreBankingApp,Database Team,Production,Planned system update
CHG-1167,2026-03-19 20:59:28.160485,Infra Scaling,CoreBankingApp,Infrastructure Team,Production,Planned system update
CHG-1168,2026-03-20 23:04:28.160485,Deployment,CoreBankingApp,Application Team,Production,Planned system update
CHG-1169,2026-03-16 11:57:28.160485,Infra Scaling,CoreBankingApp,Application Team,Production,Planned system update
CHG-1170,2026-03-16 00:55:28.160485,Infra Scaling,CoreBankingApp,Application Team,Production,Planned system update
CHG-1171,2026-03-17 22:29:28.160485,DB Change,CoreBankingApp,Infrastructure Team,Production,Planned system update
CHG-1172,2026-03-19 17:26:28.160485,Config Update,CoreBankingApp,Database Team,Production,Planned system update
CHG-1173,2026-03-21 02:42:28.160485,Infra Scaling,CoreBankingApp,Infrastructure Team,Production,Planned system update
CHG-1174,2026-03-21 18:04:28.160485,Config Update,CoreBankingApp,Infrastructure Team,Production,Planned system update
CHG-1175,2026-03-19 08:40:28.160485,Infra Scaling,CoreBankingApp,Infrastructure Team,Production,Planned system update
CHG-1176,2026-03-21 16:51:28.160485,Deployment,CoreBankingApp,Application Team,Production,Planned system update
CHG-1177,2026-03-16 14:58:28.160485,Infra Scaling,CoreBankingApp,Infrastructure Team,Production,Planned system update
CHG-1178,2026-03-19 17:04:28.160485,Infra Scaling,CoreBankingApp,Application Team,Production,Planned system update
CHG-1179,2026-03-18 17:45:28.160485,Infra Scaling,CoreBankingApp,Infrastructure Team,Production,Planned system update
CHG-1180,2026-03-19 11:11:28.160485,Config Update,CoreBankingApp,Application Team,Production,Planned system update
CHG-1181,2026-03-17 02:59:28.160485,Config Update,CoreBankingApp,Application Team,Production,Planned system update
CHG-1182,2026-03-17 07:26:28.160485,DB Change,CoreBankingApp,Database Team,Production,Planned system update
CHG-1183,2026-03-16 21:42:28.160485,Infra Scaling,CoreBankingApp,Infrastructure Team,Production,Planned system update
CHG-1184,2026-03-20 22:58:28.160485,Deployment,CoreBankingApp,Database Team,Production,Planned system update
CHG-1185,2026-03-21 20:29:28.160485,Infra Scaling,CoreBankingApp,Database Team,Production,Planned system update
CHG-1186,2026-03-19 05:57:28.160485,DB Change,CoreBankingApp,Infrastructure Team,Production,Planned system update
CHG-1187,2026-03-20 01:00:28.160485,Deployment,CoreBankingApp,Database Team,Production,Planned system update
CHG-1188,2026-03-15 15:59:28.160485,Infra Scaling,CoreBankingApp,Database Team,Production,Planned system update
CHG-1189,2026-03-15 17:54:28.160485,Deployment,CoreBankingApp,Database Team,Production,Planned system update
CHG-1190,2026-03-16 10:29:28.160485,DB Change,CoreBankingApp,Database Team,Production,Planned system update
CHG-1191,2026-03-20 19:33:28.160485,Infra Scaling,CoreBankingApp,Application Team,Production,Planned system update
CHG-1192,2026-03-16 07:08:28.160485,DB Change,CoreBankingApp,Infrastructure Team,Production,Planned system update
CHG-1193,2026-03-18 02:35:28.160485,DB Change,CoreBankingApp,Database Team,Production,Planned system update
CHG-1194,2026-03-16 05:37:28.160485,Config Update,CoreBankingApp,Database Team,Production,Planned system update
CHG-1195,2026-03-15 15:19:28.160485,Config Update,CoreBankingApp,Database Team,Production,Planned system update
CHG-1196,2026-03-15 09:23:28.160485,Config Update,CoreBankingApp,Database Team,Production,Planned system update
CHG-1197,2026-03-17 16:13:28.160485,Deployment,CoreBankingApp,Database Team,Production,Planned system update
CHG-1198,2026-03-21 12:57:28.160485,DB Change,CoreBankingApp,Infrastructure Team,Production,Planned system update
CHG-1199,2026-03-19 14:58:28.160485,DB Change,CoreBankingApp,Infrastructure Team,Production,Planned system update
CHG-1200,2026-03-18 00:46:28.160485,Config Update,CoreBankingApp,Infrastructure Team,Production,Planned system update
